<?xml version="1.0" encoding="UTF-8"?><layout version="16" mode="0" orientation="horizontal"><tabpage name="MQ==" scalef="0.0" scalet="1.0" li_t="" li_c="gray" li_s="14" li_o="false" li_b="false" la_t="" la_c="gray" la_s="14" la_o="false" la_b="false" ><control name="bGVkMQ==" x="19" y="81" w="275" h="275" color="brown" scalef="0.0" scalet="1.0" type="led" ></control><control name="cHVzaDE=" x="132" y="84" w="45" h="45" color="red" scalef="0.0" scalet="1.0" type="push" local_off="false" sp="true" sr="true" ></control><control name="cHVzaDI=" x="194" y="106" w="45" h="45" color="green" scalef="0.0" scalet="1.0" type="push" local_off="false" sp="true" sr="true" ></control><control name="cHVzaDM=" x="238" y="164" w="45" h="45" color="blue" scalef="0.0" scalet="1.0" type="push" local_off="false" sp="true" sr="true" ></control><control name="cHVzaDQ=" x="237" y="226" w="45" h="45" color="orange" scalef="0.0" scalet="1.0" type="push" local_off="false" sp="true" sr="true" ></control><control name="cHVzaDU=" x="194" y="283" w="45" h="45" color="yellow" scalef="0.0" scalet="1.0" type="push" local_off="false" sp="true" sr="true" ></control><control name="bGFiZWwx" x="19" y="26" w="268" h="25" color="yellow" type="labelh" text="U29uaWMgUGkgTG9vcCBDb250cm9sbGVy" size="18" background="true" outline="false" ></control><control name="bGFiZWwy" x="29" y="372" w="247" h="25" color="red" type="labelh" text="UHJlc3MgYnV0dG9ucyB0byBjb250cm9sIGxvb3Bz" size="14" background="true" outline="false" ></control><control name="cHVzaDY=" x="132" y="306" w="45" h="45" color="red" scalef="0.0" scalet="1.0" type="push" local_off="false" sp="true" sr="true" ></control><control name="cHVzaDc=" x="74" y="281" w="45" h="45" color="yellow" scalef="0.0" scalet="1.0" type="push" local_off="false" sp="true" sr="true" ></control><control name="cHVzaDg=" x="32" y="226" w="45" h="47" color="orange" scalef="0.0" scalet="1.0" type="push" local_off="false" sp="true" sr="true" ></control><control name="cHVzaDk=" x="31" y="167" w="45" h="45" color="blue" scalef="0.0" scalet="1.0" type="push" local_off="false" sp="true" sr="true" ></control><control name="cHVzaDEw" x="73" y="110" w="45" h="45" color="green" scalef="0.0" scalet="1.0" type="push" local_off="false" sp="true" sr="true" ></control><control name="cHVzaDEx" x="134" y="193" w="45" h="45" color="pink" scalef="0.0" scalet="1.0" type="push" local_off="false" sp="true" sr="true" ></control><control name="bGFiZWwz" x="64" y="408" w="178" h="20" color="blue" type="labelh" text="d3JpdHRlbiBieSBSb2JpbiBOZXdtYW4=" size="14" background="true" outline="false" ></control><control name="Ymc=" x="277" y="397" w="40" h="40" color="yellow" scalef="0.0" scalet="1.0" type="toggle" local_off="false" ></control><control name="bGFiZWw0" x="286" y="406" w="22" h="22" color="yellow" type="labelh" text="Ymc=" size="14" background="true" outline="false" ></control></tabpage></layout>