{
  "type": "root",
  "tabs": [
    {
      "type": "tab",
      "id": "tab_1",
      "label": "auto",
      "color": "auto",
      "css": "",
      "value": "",
      "precision": 0,
      "address": "/tab_1",
      "preArgs": [],
      "target": [],
      "variables": "@{parent.variables}",
      "widgets": [
        {
          "type": "keys",
          "top": 300,
          "left": 0,
          "id": "keys_1",
          "width": "auto",
          "height": "auto",
          "label": "auto",
          "color": "auto",
          "css": "",
          "binding": [
            "r",
            "f"
          ],
          "keydown": "#{\nx = key == \"r\" ?  0.1 : -0.1;\n@{fader_1} + x\n}",
          "repeat": true,
          "keyup": "",
          "linkId": ">> A",
          "default": "",
          "value": "",
          "precision": 2,
          "address": "/keys_1",
          "preArgs": "",
          "target": "",
          "bypass": false
        },
        {
          "type": "fader",
          "top": 0,
          "left": 0,
          "id": "fader_1",
          "linkId": "<< A",
          "width": "auto",
          "height": "auto",
          "label": "auto",
          "color": "auto",
          "css": "",
          "horizontal": false,
          "alignRight": false,
          "pips": true,
          "input": true,
          "meter": false,
          "compact": false,
          "dashed": false,
          "snap": false,
          "spring": false,
          "doubleTap": false,
          "range": {
            "min": 0,
            "max": 1
          },
          "logScale": false,
          "unit": "",
          "origin": "auto",
          "value": "",
          "precision": 2,
          "address": "/fader_1",
          "touchAddress": "",
          "meterAddress": "",
          "preArgs": [],
          "target": [],
          "default": "",
          "bypass": false,
          "steps": ""
        },
        {
          "type": "xy",
          "top": 50,
          "left": 170,
          "id": "xy_1",
          "linkId": "<< B",
          "width": 210,
          "height": 220,
          "label": "auto",
          "color": "auto",
          "css": "",
          "input": true,
          "pips": true,
          "pointSize": 20,
          "snap": false,
          "spring": false,
          "doubleTap": false,
          "rangeX": {
            "min": 0,
            "max": 1
          },
          "rangeY": {
            "min": 0,
            "max": 1
          },
          "logScaleX": false,
          "logScaleY": false,
          "value": "",
          "precision": 2,
          "address": "/xy_1",
          "touchAddress": "",
          "preArgs": [],
          "split": false,
          "target": [],
          "default": "",
          "bypass": false
        },
        {
          "type": "keys",
          "top": 270,
          "left": 170,
          "id": "keys_2",
          "width": 210,
          "height": "auto",
          "label": "auto",
          "color": "auto",
          "css": "",
          "binding": [
            "g",
            "t"
          ],
          "keydown": "#{\nx = key == \"t\" ? 0.1 : -0.1;\n@{xy_1}[0] + x\n@{xy_1}[1] + x\n}",
          "keyup": "",
          "repeat": false,
          "linkId": ">> B",
          "default": "",
          "value": "",
          "precision": 2,
          "address": "/keys_2",
          "preArgs": "",
          "target": "",
          "bypass": false
        }
      ],
      "tabs": [],
      "linkId": "",
      "default": "",
      "bypass": false,
      "scroll": true
    }
  ],
  "color": "auto",
  "css": "",
  "value": "",
  "precision": 0,
  "address": "/root",
  "preArgs": [],
  "target": [],
  "variables": {},
  "id": "root",
  "linkId": "",
  "default": "",
  "bypass": false,
  "traversing": false,
  "scroll": true,
  "label": false
}