{
  "type": "root",
  "tabs": [
    {
      "type": "tab",
      "id": "tab_1",
      "label": "Sysex Example",
      "color": "auto",
      "css": "",
      "value": "",
      "precision": 0,
      "address": "/tab_1",
      "preArgs": [],
      "target": [],
      "variables": "@{parent.variables}",
      "widgets": [
        {
          "type": "push",
          "top": 10,
          "left": 20,
          "id": "push_1",
          "linkId": "",
          "width": 200,
          "height": "auto",
          "label": "Send Device Inquiry",
          "color": "auto",
          "css": "",
          "on": "f0 7e 7f 06 01 f7",
          "norelease": true,
          "precision": 0,
          "address": "/sysex",
          "target": [
            "midi:osc"
          ],
          "preArgs": [],
          "off": 0,
          "doubleTap": false,
          "value": "",
          "bypass": false
        },
        {
          "type": "text",
          "top": 80,
          "left": 20,
          "id": "text_1",
          "width": 200,
          "height": 60,
          "label": "Device Inquiry Response",
          "color": "auto",
          "css": "",
          "vertical": false,
          "preArgs": [],
          "address": "/sysex",
          "value": "",
          "linkId": "",
          "wrap": false,
          "align": "",
          "default": ""
        },
        {
          "type": "text",
          "top": 150,
          "left": 20,
          "id": "text_2",
          "width": 200,
          "height": 240,
          "label": "^info-circle",
          "color": "auto",
          "css": "",
          "preArgs": [],
          "address": "/text_2",
          "vertical": false,
          "value": "",
          "linkId": "",
          "wrap": false,
          "align": "",
          "default": ""
        }
      ],
      "tabs": [],
      "linkId": "",
      "default": "",
      "bypass": false,
      "scroll": true
    }
  ],
  "color": "auto",
  "css": "",
  "value": "",
  "precision": 0,
  "address": "/root",
  "preArgs": [],
  "target": [],
  "variables": {},
  "id": "root",
  "linkId": "",
  "default": "",
  "bypass": false,
  "traversing": false,
  "scroll": true,
  "label": false
}